order_month,Total_sales
2024-01,4.445777757600014E8
2024-02,4.1536614419999766E8
2024-03,4.436282454099968E8
2024-04,4.2782097433999556E8
2024-05,4.4481061894999766E8
2024-06,4.317051540600035E8
2024-07,4.436705191200028E8
2024-08,4.410951770200006E8
2024-09,4.3107152608000004E8
2024-10,4.413637893100021E8
2024-11,4.3362336404000014E8
2024-12,4.427129083499984E8
